"Session Number";"Session Identifier";"ID Chip";"ID Chip UID";"ID Chip Name";"Start";"Ende";"Dauer gesamt";"Dauer aktiver Stromfluss";"max. Leistung [kW]";"max. Strom [A]";"Energie [kWh]";"Zaehlerstand Differenz [kWh]";"Zaehlerstand Anfang [kWh]";"Zaehlerstand Ende [kWh]";"WLAN-Verbindung"
2;"212234_1685716486";;"";"";"02.06.2023 16:34:46";"02.06.2023 16:36:00";"00:01:14";"00:00:51";6,23;10,3;0,071;0,071;0,004;0,075;"egal"
3;"212234_1685717646";;"";"";"02.06.2023 16:54:06";"02.06.2023 18:42:02";"01:47:56";"01:47:56";9,999;15,6;9,874;9,874;0,075;9,949;"egal"
4;"212234_1685799269";;"";"";"03.06.2023 15:34:29";"03.06.2023 15:35:36";"00:01:07";"00:01:07";6,222;10,3;0,09;0,09;10,279;10,369;"egal"
5;"212234_1685807946";;"";"";"03.06.2023 17:59:06";"03.06.2023 18:04:02";"00:04:56";"00:04:13";10,039;15,7;0,27;0,27;10,369;10,639;"egal"
6;"212234_1685809312";;"";"";"03.06.2023 18:21:52";"03.06.2023 19:34:54";"01:13:02";"01:12:46";6,982;12;9,521;9,521;11,104;20,625;"egal"
7;"212234_1686065129";;"";"";"06.06.2023 17:25:29";"06.06.2023 18:41:02";"01:15:33";"01:15:33";6,296;10,4;7,787;7,751;20,625;28,376;"egal"
8;"212234_1686207578";;"";"";"08.06.2023 08:59:38";"08.06.2023 13:05:41";"04:06:03";"04:06:03";6,278;10,3;25,004;24,886;28,376;53,262;"egal"
9;"212234_1686471434";;"";"";"11.06.2023 10:17:14";"11.06.2023 12:03:43";"01:46:29";"01:46:29";6,36;10,4;12,066;12,012;53,262;65,274;"egal"
10;"212234_1686683081";;"";"";"13.06.2023 21:04:41";"13.06.2023 22:01:43";"00:57:02";"00:57:02";10,09;15,7;10,278;10,232;65,274;75,506;"egal"
11;"212234_1686750247";;"";"";"14.06.2023 15:44:07";"14.06.2023 18:27:47";"02:43:40";"02:43:10";6,315;10,4;17,88;17,803;75,506;93,309;"egal"
12;"212234_1686994825";;"";"";"17.06.2023 11:40:25";"17.06.2023 13:30:46";"01:50:21";"01:49:23";6,319;10,4;11,34;11,296;93,309;104,605;"egal"
13;"212234_1687343274";;"";"";"21.06.2023 12:27:54";"21.06.2023 15:53:54";"03:26:00";"03:25:51";10,168;15,6;22,774;22,67;104,605;127,275;"egal"
14;"212234_1687542486";;"";"";"23.06.2023 19:48:06";"23.06.2023 21:21:46";"01:33:40";"01:33:40";6,232;10,3;10,887;10,841;127,275;138,116;"egal"
15;"212234_1687625246";;"";"";"24.06.2023 18:47:26";"24.06.2023 21:26:46";"02:39:20";"02:39:20";6,236;10,3;20,182;20,086;138,116;158,202;"egal"
16;"212234_1687875246";;"";"";"27.06.2023 16:14:06";"27.06.2023 21:32:54";"05:18:48";"04:43:29";6,271;10,4;28,07;27,946;158,202;186,148;"egal"
17;"212234_1688134314";;"";"";"30.06.2023 16:11:54";"30.06.2023 20:52:54";"04:41:00";"04:40:51";6,286;10,4;28,922;28,793;186,148;214,941;"egal"
18;"212234_1688621446";;"";"";"06.07.2023 07:30:46";"06.07.2023 12:00:30";"04:29:44";"04:29:32";6,334;10,4;27,917;27,8;214,941;242,741;"egal"
19;"212234_1689082718";;"";"";"11.07.2023 15:38:38";"11.07.2023 19:31:06";"03:52:28";"03:52:28";6,298;10,4;23,817;23,72;242,741;266,461;"egal"
20;"212234_1689434010";;"";"";"15.07.2023 17:13:30";"15.07.2023 21:12:46";"03:59:16";"03:59:07";6,27;10,4;24,663;24,543;266,461;291,004;"egal"
21;"212234_1689784622";;"";"";"19.07.2023 18:37:02";"19.07.2023 21:25:30";"02:48:28";"02:48:20";10,084;15,7;27,703;27,58;291,004;318,584;"egal"
22;"212234_1690211962";;"";"";"24.07.2023 17:19:22";"25.07.2023 07:30:06";"14:10:44";"03:56:24";6,285;10,4;24,366;24,251;318,584;342,835;"egal"
23;"212234_1690467046";;"";"";"27.07.2023 16:10:46";"28.07.2023 14:11:06";"22:00:20";"04:56:48";6,33;10,4;29,838;29,681;342,835;372,516;"egal"
24;"212234_1690891561";;"";"";"01.08.2023 14:06:01";"02.08.2023 06:46:38";"16:40:37";"05:08:21";6,288;10,4;31,792;31,636;372,516;404,152;"egal"
25;"212234_1691080934";;"";"";"03.08.2023 18:42:14";"04.08.2023 11:32:06";"16:49:52";"05:17:24";6,299;10,4;31,399;31,258;404,152;435,41;"egal"
26;"212234_1691511354";;"";"";"08.08.2023 18:15:54";"09.08.2023 06:44:46";"12:28:52";"03:06:28";6,306;10,4;19,303;19,209;435,41;454,619;"egal"
27;"212234_1691589234";;"";"";"09.08.2023 15:53:54";"10.08.2023 08:00:46";"16:06:52";"04:10:28";6,295;10,4;24,56;24,45;454,619;479,069;"egal"
28;"212234_1691852790";;"";"";"12.08.2023 17:06:30";"13.08.2023 13:08:06";"20:01:36";"02:02:33";6,257;10,3;12,611;12,544;479,069;491,613;"egal"
29;"212234_1692086286";;"";"";"15.08.2023 09:58:06";"15.08.2023 16:57:30";"06:59:24";"04:58:31";6,217;10,2;24,536;24,42;491,613;516,033;"egal"
30;"212234_1692427506";;"";"";"19.08.2023 08:45:06";"19.08.2023 13:44:38";"04:59:32";"04:58:44";6,324;10,3;21,14;21,05;516,033;537,083;"egal"
31;"212234_1693394730";;"";"";"30.08.2023 13:25:30";"31.08.2023 08:47:54";"19:22:24";"00:26:06";6,403;10,4;2,162;2,152;537,083;539,235;"egal"
32;"212234_1693472146";;"";"";"31.08.2023 10:55:46";"31.08.2023 13:34:22";"02:38:36";"01:34:27";4,086;8,1;6,309;6,276;539,235;545,511;"egal"
33;"212234_1693494150";;"";"";"31.08.2023 17:02:30";"01.09.2023 09:30:06";"16:27:36";"01:11:12";4,084;8,1;4,737;4,72;545,511;550,231;"egal"
34;"212234_1693556273";;"";"";"01.09.2023 10:17:53";"01.09.2023 11:43:14";"01:25:21";"01:25:13";6,34;10,3;5,876;5,858;550,231;556,089;"egal"
35;"212234_1693581218";;"";"";"01.09.2023 17:13:38";"02.09.2023 12:34:06";"19:20:28";"04:42:35";5,42;9;20,776;20,68;556,089;576,769;"egal"
36;"212234_1693655474";;"";"";"02.09.2023 13:51:14";"04.09.2023 15:26:14";"49:35:00";"02:34:56";5,418;9;12,735;12,686;576,769;589,455;"egal"
37;"212234_1693901866";;"";"";"05.09.2023 10:17:46";"05.09.2023 17:06:54";"06:49:08";"01:17:18";4,146;8,1;5,215;5,183;589,455;594,638;"egal"
38;"212234_1694007733";;"";"";"06.09.2023 15:42:13";"07.09.2023 08:04:06";"16:21:53";"01:29:02";4,074;8,1;5,937;5,908;594,638;600,546;"egal"
39;"212234_1694185814";;"";"";"08.09.2023 17:10:14";"08.09.2023 17:52:30";"00:42:16";"00:18:20";4,006;8,1;1,196;1,191;600,546;601,737;"egal"
40;"212234_1694242658";;"";"";"09.09.2023 08:57:38";"09.09.2023 11:17:30";"02:19:52";"02:19:35";7,102;12;12,069;12,017;601,737;613,754;"egal"
41;"212234_1694333534";;"";"";"10.09.2023 10:12:14";"10.09.2023 13:33:46";"03:21:32";"03:21:19";8,225;13,4;21,207;21,112;613,754;634,866;"egal"
42;"212234_1694418354";;"";"";"11.09.2023 09:45:54";"11.09.2023 12:53:30";"03:07:36";"02:23:42";7,781;12,8;9,25;9,209;634,866;644,075;"egal"
43;"212234_1694849389";;"";"";"16.09.2023 09:29:49";"16.09.2023 12:06:46";"02:36:57";"02:26:49";6,441;10,4;12,214;12,168;644,075;656,243;"egal"
44;"212234_1694863454";;"";"";"16.09.2023 13:24:14";"16.09.2023 15:58:30";"02:34:16";"02:34:16";6,425;10,4;14,47;14,405;656,243;670,648;"egal"
45;"212234_1694939822";;"";"";"17.09.2023 10:37:02";"18.09.2023 07:24:54";"20:47:52";"03:19:51";4,116;8,1;13,492;13,435;670,648;684,083;"egal"
46;"212234_1695208085";;"";"";"20.09.2023 13:08:05";"20.09.2023 16:04:30";"02:56:25";"02:56:09";6,366;10,4;15,246;15,174;684,083;699,257;"egal"
47;"212234_1695303588";;"";"";"21.09.2023 15:39:48";"22.09.2023 07:26:14";"15:46:26";"01:23:14";4,08;8,1;5,527;5,502;699,257;704,759;"egal"
48;"212234_1695542878";;"";"";"24.09.2023 10:07:58";"25.09.2023 07:24:38";"21:16:40";"13:18:21";5,396;9;24,171;24,069;704,759;728,828;"egal"
49;"212234_1695810782";;"";"";"27.09.2023 12:33:02";"27.09.2023 17:48:22";"05:15:20";"04:20:11";10,188;15,7;21,877;21,77;728,828;750,598;"egal"
50;"212234_1696065669";;"";"";"30.09.2023 11:21:09";"01.10.2023 08:55:34";"21:34:25";"03:51:05";4,113;8,1;15,626;15,562;750,598;766,16;"egal"
51;"212234_1696163750";;"";"";"01.10.2023 14:35:50";"02.10.2023 07:25:10";"16:49:20";"02:28:28";4,089;8,1;9,962;9,91;766,16;776,07;"egal"
52;"212234_1696227254";;"";"";"02.10.2023 08:14:14";"02.10.2023 15:32:14";"07:18:00";"03:34:55";4,082;8,2;13,868;13,807;776,07;789,877;"egal"
53;"212234_1696512686";;"";"";"05.10.2023 15:31:26";"06.10.2023 07:27:42";"15:56:16";"01:03:54";4,081;8,1;4,27;4,257;789,877;794,134;"egal"
54;"212234_1696580502";;"";"";"06.10.2023 10:21:42";"06.10.2023 17:11:18";"06:49:36";"04:30:29";5,441;9;22,588;22,506;794,134;816,64;"egal"
55;"212234_1696664909";;"";"";"07.10.2023 09:48:29";"08.10.2023 09:28:14";"23:39:45";"02:26:30";4,139;8,1;9,868;9,827;816,64;826,467;"egal"
56;"212234_1697034734";;"";"";"11.10.2023 16:32:14";"12.10.2023 07:31:58";"14:59:44";"00:49:51";4,059;8,1;3,315;3,301;826,467;829,768;"egal"
57;"212234_1697092102";;"";"";"12.10.2023 08:28:22";"12.10.2023 13:35:18";"05:06:56";"03:14:01";6,376;10,4;15,722;15,656;829,768;845,424;"egal"
58;"212234_1697178046";;"";"";"13.10.2023 08:20:46";"13.10.2023 11:23:50";"03:03:04";"01:59:18";4,064;8,1;7,915;7,915;845,424;853,339;"egal"
59;"212234_1697263334";;"";"";"14.10.2023 08:02:14";"14.10.2023 09:31:42";"01:29:28";"01:22:50";4,072;8;5,515;5,49;853,339;858,829;"egal"
60;"212234_1697435230";;"";"";"16.10.2023 07:47:10";"16.10.2023 15:24:06";"07:36:56";"05:46:49";5,401;9;24,026;24,026;858,829;882,855;"egal"
61;"212234_1697538262";;"";"";"17.10.2023 12:24:22";"17.10.2023 14:42:22";"02:18:00";"02:17:52";6,391;10,4;11,444;11,391;882,855;894,246;"egal"
62;"212234_1697694716";;"";"";"19.10.2023 07:51:56";"19.10.2023 13:57:58";"06:06:02";"02:06:51";4,09;8,2;8,431;8,431;894,246;902,677;"egal"
63;"212234_1697782582";;"";"";"20.10.2023 08:16:22";"20.10.2023 11:31:34";"03:15:12";"00:29:55";4,037;8,1;1,982;1,974;902,677;904,651;"egal"
64;"212234_1698040062";;"";"";"23.10.2023 07:47:42";"23.10.2023 15:14:14";"07:26:32";"03:39:21";4,094;8,1;14,645;14,645;904,651;919,296;"egal"
65;"212234_1698161566";;"";"";"24.10.2023 17:32:46";"25.10.2023 06:22:14";"12:49:28";"01:27:32";10,046;15,7;13,405;13,34;919,296;932,636;"egal"
66;"212234_1698485566";;"";"";"28.10.2023 11:32:46";"29.10.2023 12:42:14";"26:09:28";"05:16:45";5,394;9;23,948;23,948;932,636;956,584;"egal"
67;"212234_1698734869";;"";"";"31.10.2023 07:47:49";"31.10.2023 08:27:58";"00:40:09";"00:40:09";10,028;15,7;6,568;6,536;956,584;963,12;"egal"
68;"212234_1698826758";;"";"";"01.11.2023 09:19:18";"02.11.2023 08:06:38";"22:47:20";"03:26:08";10,189;15,7;22,028;21,923;963,12;985,043;"egal"
69;"212234_1699096526";;"";"";"04.11.2023 12:15:26";"05.11.2023 13:31:42";"25:16:16";"03:01:20";10,169;15,7;22,428;22,327;985,043;1007,37;"egal"
70;"212234_1699262582";;"";"";"06.11.2023 10:23:02";"06.11.2023 14:06:06";"03:43:04";"02:13:01";10,202;15,7;9,52;9,477;1007,37;1016,847;"egal"
71;"212234_1699455494";;"";"";"08.11.2023 15:58:14";"09.11.2023 07:28:14";"15:30:00";"02:21:17";10,048;15,7;14,911;14,837;1016,847;1031,684;"egal"
72;"212234_1699512438";;"";"";"09.11.2023 07:47:18";"10.11.2023 07:27:02";"23:39:44";"01:35:34";10,111;15,7;7,093;7,062;1031,684;1038,746;"egal"
73;"212234_1699598918";;"";"";"10.11.2023 07:48:38";"10.11.2023 11:22:14";"03:33:36";"01:36:02";4,119;8,1;6,451;6,419;1038,746;1045,165;"egal"
74;"212234_1699780958";;"";"";"12.11.2023 10:22:38";"14.11.2023 08:11:10";"45:48:32";"03:20:14";6,971;12;15,556;15,556;1045,165;1060,721;"egal"
75;"212234_1700061950";;"";"";"15.11.2023 16:25:50";"16.11.2023 07:27:34";"15:01:44";"02:27:42";7,027;12;17,091;17,006;1060,721;1077,727;"egal"
76;"212234_1700305086";;"";"";"18.11.2023 11:58:06";"19.11.2023 09:11:10";"21:13:04";"01:41:41";10,166;15,7;16,851;16,767;1077,727;1094,494;"egal"
77;"212234_1700714694";;"";"";"23.11.2023 05:44:54";"23.11.2023 07:24:54";"01:40:00";"01:39:57";10,067;15,7;16,454;16,386;1094,494;1110,88;"egal"
78;"212234_1700893006";;"";"";"25.11.2023 07:16:46";"27.11.2023 07:27:42";"48:10:56";"06:16:36";4,057;8,1;24,833;24,719;1110,88;1135,599;"egal"
79;"212234_1701191030";;"";"";"28.11.2023 18:03:50";"29.11.2023 06:21:58";"12:18:08";"02:24:22";10,038;15,7;23,572;23,471;1135,599;1159,07;"egal"
80;"212234_1701414062";;"";"";"01.12.2023 08:01:02";"01.12.2023 11:31:18";"03:30:16";"02:15:33";9,919;15,7;17,986;17,89;1159,07;1176,96;"egal"
81;"212234_1701703758";;"";"";"04.12.2023 16:29:18";"05.12.2023 08:30:06";"16:00:48";"04:03:35";6,259;10,4;23,396;23,291;1176,96;1200,251;"egal"
82;"212234_1701943766";;"";"";"07.12.2023 11:09:26";"07.12.2023 16:39:42";"05:30:16";"04:40:46";6,965;12;29,867;29,722;1200,251;1229,973;"egal"
83;"212234_1702626052";;"";"";"15.12.2023 08:40:52";"15.12.2023 11:30:14";"02:49:22";"02:49:14";7,017;12;19,514;19,421;1229,973;1249,394;"egal"
84;"212234_1702726166";;"";"";"16.12.2023 12:29:26";"16.12.2023 15:46:46";"03:17:20";"02:57:36";7,132;12;20,645;20,547;1249,394;1269,941;"egal"
85;"212234_1702889654";;"";"";"18.12.2023 09:54:14";"18.12.2023 12:16:46";"02:22:32";"02:04:21";7,103;12,1;14,541;14,468;1269,941;1284,409;"egal"
86;"212234_1703084766";;"";"";"20.12.2023 16:06:06";"20.12.2023 19:44:30";"03:38:24";"03:36:19";7,025;12;22,821;22,708;1284,409;1307,117;"egal"
87;"212234_1703347006";;"";"";"23.12.2023 16:56:46";"24.12.2023 15:42:14";"22:45:28";"03:15:44";6,996;12,1;22,489;22,372;1307,117;1329,489;"egal"
88;"212234_1703676078";;"";"";"27.12.2023 12:21:18";"27.12.2023 13:33:02";"01:11:44";"01:11:33";4,098;8,1;4,835;4,812;1329,489;1334,301;"egal"
89;"212234_1703755646";;"";"";"28.12.2023 10:27:26";"29.12.2023 11:38:06";"25:10:40";"01:10:48";4,114;8,1;4,737;4,72;1334,301;1339,021;"egal"
90;"212234_1704094110";;"";"";"01.01.2024 08:28:30";"03.01.2024 06:34:06";"46:05:36";"02:41:04";8,136;13,5;18,639;18,549;1339,021;1357,57;"egal"
91;"212234_1704359062";;"";"";"04.01.2024 10:04:22";"04.01.2024 13:15:10";"03:10:48";"03:10:28";7,072;12;20,73;20,636;1357,57;1378,206;"egal"
92;"212234_1704468894";;"";"";"05.01.2024 16:34:54";"06.01.2024 18:33:58";"25:59:04";"03:02:33";6,981;12,1;18,939;18,855;1378,206;1397,061;"egal"
93;"212234_1704725022";;"";"";"08.01.2024 15:43:42";"08.01.2024 17:31:02";"01:47:20";"01:46:56";6,981;12,1;12,277;12,213;1397,061;1409,274;"egal"
94;"212234_1704818094";;"";"";"09.01.2024 17:34:54";"10.01.2024 06:23:58";"12:49:04";"03:55:02";6,991;12,1;24,852;24,734;1409,274;1434,008;"egal"
95;"212234_1704989910";;"";"";"11.01.2024 17:18:30";"11.01.2024 18:39:18";"01:20:48";"01:15:45";9,965;15,7;12,425;12,38;1434,008;1446,388;"egal"
96;"212234_1705042126";;"";"";"12.01.2024 07:48:46";"12.01.2024 11:33:34";"03:44:48";"02:24:41";9,941;15,7;20,497;20,411;1446,388;1466,799;"egal"
97;"212234_1705160334";;"";"";"13.01.2024 16:38:54";"14.01.2024 10:48:14";"18:09:20";"03:50:07";6,264;10,4;19,415;19,329;1466,799;1486,128;"egal"
98;"212234_1705418494";;"";"";"16.01.2024 16:21:34";"17.01.2024 06:34:30";"14:12:56";"03:04:36";6,986;12;20,141;20,049;1486,128;1506,177;"egal"
99;"212234_1705597621";;"";"";"18.01.2024 18:07:01";"19.01.2024 07:25:58";"13:18:57";"02:59:13";7,011;12;20,544;20,45;1506,177;1526,627;"egal"
100;"212234_1705822262";;"";"";"21.01.2024 08:31:02";"21.01.2024 13:34:22";"05:03:20";"03:08:38";10,184;15,7;25,442;25,312;1526,627;1551,939;"egal"
101;"212234_1705995734";;"";"";"23.01.2024 08:42:14";"23.01.2024 11:46:06";"03:03:52";"02:21:50";7,041;12,1;15,208;15,142;1551,939;1567,081;"egal"
102;"212234_1706109534";;"";"";"24.01.2024 16:18:54";"25.01.2024 07:25:10";"15:06:16";"03:13:03";6,992;12,1;20,959;20,87;1567,081;1587,951;"egal"
103;"212234_1706355054";;"";"";"27.01.2024 12:30:54";"27.01.2024 13:47:10";"01:16:16";"00:53:54";4,091;8,1;3,631;3,617;1587,951;1591,568;"egal"
104;"212234_1706360982";;"";"";"27.01.2024 14:09:42";"27.01.2024 17:15:10";"03:05:28";"03:05:20";6,92;12;13,651;13,596;1591,568;1605,164;"egal"
105;"212234_1706440862";;"";"";"28.01.2024 12:21:02";"28.01.2024 13:40:30";"01:19:28";"01:19:20";7,053;12;7,06;7,033;1605,164;1612,197;"egal"
106;"212234_1706612942";;"";"";"30.01.2024 12:09:02";"30.01.2024 14:40:38";"02:31:36";"02:31:25";6,414;10,4;13,768;13,71;1612,197;1625,907;"egal"
107;"212234_1706714638";;"";"";"31.01.2024 16:23:58";"01.02.2024 07:28:22";"15:04:24";"04:29:19";4,033;8,1;17,781;17,704;1625,907;1643,611;"egal"
108;"212234_1706887542";;"";"";"02.02.2024 16:25:42";"03.02.2024 08:18:22";"15:52:40";"04:35:24";7,032;12;27,391;27,252;1643,611;1670,863;"egal"
109;"212234_1706961422";;"";"";"03.02.2024 12:57:02";"03.02.2024 14:02:38";"01:05:36";"01:05:34";4,08;8,1;4,352;4,336;1670,863;1675,199;"egal"
110;"212234_1716184544";;"";"";"20.05.2024 07:55:44";"20.05.2024 11:40:30";"03:44:46";"03:18:29";6,286;10,4;12,633;12,633;2533,056;2545,689;"egal"
111;"212234_1716387735";;"";"";"22.05.2024 16:22:15";"23.05.2024 07:29:12";"15:06:57";"01:15:24";4,061;8,1;5,006;4,99;2545,689;2550,679;"egal"
112;"212234_1716449432";;"";"";"23.05.2024 09:30:32";"23.05.2024 12:47:31";"03:16:59";"03:16:46";7,096;12;14,615;14,553;2550,679;2565,232;"egal"
113;"212234_1716533311";;"";"";"24.05.2024 08:48:31";"24.05.2024 11:32:55";"02:44:24";"02:44:11";7,104;12;11,641;11,582;2565,232;2576,814;"egal"
114;"212234_1716708021";;"";"";"26.05.2024 09:20:21";"26.05.2024 13:40:26";"04:20:05";"03:31:35";4,101;8,2;13,501;13,447;2576,814;2590,261;"egal"
115;"212234_1716953554";;"";"";"29.05.2024 05:32:34";"29.05.2024 06:32:23";"00:59:49";"00:58:11";6,927;11,9;5,941;5,91;2590,261;2596,171;"egal"
116;"212234_1716991271";;"";"";"29.05.2024 16:01:11";"30.05.2024 13:40:51";"21:39:40";"04:24:21";6,354;10,4;20,315;20,23;2596,171;2616,401;"egal"
117;"212234_1717317834";;"";"";"02.06.2024 10:43:54";"02.06.2024 13:16:25";"02:32:31";"01:48:14";6,207;10,2;7,218;7,188;2616,401;2623,589;"egal"
118;"212234_1717342854";;"";"";"02.06.2024 17:40:54";"03.06.2024 07:18:25";"13:37:31";"01:19:13";4,106;8,1;5,308;5,285;2623,589;2628,874;"egal"
119;"212234_1717410135";;"";"";"03.06.2024 12:22:15";"03.06.2024 16:40:54";"04:18:39";"00:21:59";6,367;10,4;1,987;1,979;2628,874;2630,853;"egal"
120;"212234_1717486297";;"";"";"04.06.2024 09:31:37";"04.06.2024 11:40:26";"02:08:49";"02:08:45";5,428;9;11,465;11,416;2630,853;2642,269;"egal"
121;"212234_1717495220";;"";"";"04.06.2024 12:00:20";"04.06.2024 14:32:29";"02:32:09";"02:32:08";10,038;15,6;11,303;11,247;2642,269;2653,516;"egal"
122;"212234_1717660390";;"";"";"06.06.2024 09:53:10";"06.06.2024 11:44:42";"01:51:32";"01:51:20";6,411;10,3;11,577;11,526;2653,516;2665,042;"egal"
123;"212234_1717774661";;"";"";"07.06.2024 17:37:41";"08.06.2024 10:30:29";"16:52:48";"03:48:54";6,285;10,3;15,316;15,253;2665,042;2680,295;"egal"
124;"212234_1718204062";;"";"";"12.06.2024 16:54:22";"13.06.2024 07:22:50";"14:28:28";"02:05:43";4,07;8,1;8,381;8,34;2680,295;2688,635;"egal"
125;"212234_1718272752";;"";"";"13.06.2024 11:59:12";"14.06.2024 07:22:28";"19:23:16";"04:26:24";7,128;12;19,049;18,96;2688,635;2707,595;"egal"
126;"212234_1718705523";;"";"";"18.06.2024 12:12:03";"18.06.2024 14:06:40";"01:54:37";"01:54:28";7,064;12;13,289;13,228;2707,595;2720,823;"egal"
127;"212234_1718948435";;"";"";"21.06.2024 07:40:35";"21.06.2024 11:30:15";"03:49:40";"02:33:47";7,039;12;10,34;10,299;2720,823;2731,122;"egal"
128;"212234_1719036776";;"";"";"22.06.2024 08:12:56";"23.06.2024 09:29:49";"25:16:53";"04:08:03";7,093;12;18,787;18,701;2731,122;2749,823;"egal"
129;"212234_1719297747";;"";"";"25.06.2024 08:42:27";"25.06.2024 11:47:07";"03:04:40";"02:54:19";5,344;9;13,076;13,026;2749,823;2762,849;"egal"
130;"212234_1719473354";;"";"";"27.06.2024 09:29:14";"27.06.2024 12:50:35";"03:21:21";"03:20:48";6,653;11,1;18,208;18,125;2762,849;2780,974;"egal"
131;"212234_1719645552";;"";"";"29.06.2024 09:19:12";"29.06.2024 10:15:41";"00:56:29";"00:56:20";6,358;10,3;5,882;5,855;2780,974;2786,829;"egal"
132;"212234_1719749765";;"";"";"30.06.2024 14:16:05";"30.06.2024 18:00:05";"03:44:00";"02:07:52";4,102;8,1;8,582;8,535;2786,829;2795,364;"egal"
133;"212234_1719911102";;"";"";"02.07.2024 11:05:02";"02.07.2024 15:02:05";"03:57:03";"03:30:09";4,102;8,2;14,086;14,02;2795,364;2809,384;"egal"
134;"212234_1720248913";;"";"";"06.07.2024 08:55:13";"06.07.2024 10:54:34";"01:59:21";"01:59:20";4,096;8,1;7,962;7,962;2826,889;2834,851;"egal"
135;"212234_1720515428";;"";"";"09.07.2024 10:57:08";"09.07.2024 13:07:09";"02:10:01";"02:09:53";7,078;12;12,537;12,483;2834,851;2847,334;"egal"
136;"212234_1720765971";;"";"";"12.07.2024 08:32:51";"12.07.2024 11:22:37";"02:49:46";"02:49:38";6,373;10,3;14,462;14,398;2847,334;2861,732;"egal"
137;"212234_1720850093";;"";"";"13.07.2024 07:54:53";"13.07.2024 09:12:59";"01:18:06";"01:17:58";5,306;8,9;5,206;5,184;2861,732;2866,916;"egal"
138;"212234_1721031771";;"";"";"15.07.2024 10:22:51";"15.07.2024 13:04:54";"02:42:03";"02:41:47";6,344;10,4;12,948;12,892;2866,916;2879,808;"egal"
139;"212234_1721129029";;"";"";"16.07.2024 13:23:49";"16.07.2024 17:12:10";"03:48:21";"02:28:43";6,378;10,4;14,405;14,344;2879,808;2894,152;"egal"
140;"212234_1721378624";;"";"";"19.07.2024 10:43:44";"19.07.2024 11:58:00";"01:14:16";"01:14:15";4,059;8,1;4,926;4,906;2894,152;2899,058;"egal"
141;"212234_1721542382";;"";"";"21.07.2024 08:13:02";"21.07.2024 11:01:19";"02:48:17";"02:48:17";4,074;8,1;11,202;11,152;2899,058;2910,21;"egal"
142;"212234_1721830324";;"";"";"24.07.2024 16:12:04";"24.07.2024 16:55:31";"00:43:27";"00:43:19";5,339;9;3,425;3,411;2910,21;2913,621;"egal"
143;"212234_1721888071";;"";"";"25.07.2024 08:14:31";"25.07.2024 09:54:18";"01:39:47";"01:39:38";4,106;8,1;6,726;6,697;2913,621;2920,318;"egal"
144;"212234_1722060244";;"";"";"27.07.2024 08:04:04";"27.07.2024 10:09:19";"02:05:15";"02:05:15";4,058;8;8,533;8,495;2920,318;2928,813;"egal"
145;"212234_1722178507";;"";"";"28.07.2024 16:55:07";"28.07.2024 18:47:54";"01:52:47";"01:52:44";4,079;8,1;7,538;7,508;2928,813;2936,321;"egal"
146;"212234_1722233270";;"";"";"29.07.2024 08:07:50";"29.07.2024 11:26:32";"03:18:42";"03:18:34";4,094;8,1;13,316;13,258;2936,321;2949,579;"egal"
147;"212234_1722264175";;"";"";"29.07.2024 16:42:55";"30.07.2024 08:43:48";"16:00:53";"02:20:45";4,077;8,1;9,368;9,326;2949,579;2958,905;"egal"
148;"212234_1722347300";;"";"";"30.07.2024 15:48:20";"31.07.2024 06:28:47";"14:40:27";"01:51:48";6,327;10,3;10,193;10,157;2958,905;2969,062;"egal"
149;"212234_1722520660";;"";"";"01.08.2024 15:57:40";"01.08.2024 16:57:02";"00:59:22";"00:59:16";5,323;9;4,123;4,102;2969,062;2973,164;"egal"
150;"212234_1722670587";;"";"";"03.08.2024 09:36:27";"03.08.2024 14:33:40";"04:57:13";"03:35:51";6,314;10,3;15,954;15,883;2973,164;2989,047;"egal"
151;"212234_1722952877";;"";"";"06.08.2024 16:01:17";"06.08.2024 17:52:53";"01:51:36";"01:51:36";4,069;8;7,396;7,362;2989,047;2996,409;"egal"
152;"212234_1723100605";;"";"";"08.08.2024 09:03:25";"08.08.2024 09:55:10";"00:51:45";"00:51:37";4,074;8;3,449;3,433;2996,409;2999,842;"egal"
153;"212234_1723188845";;"";"";"09.08.2024 09:34:05";"09.08.2024 11:26:29";"01:52:24";"01:52:16";6,336;10,3;10,565;10,516;2999,842;3010,358;"egal"
154;"212234_1723214474";;"";"";"09.08.2024 16:41:14";"09.08.2024 17:34:14";"00:53:00";"00:52:58";4,086;8;3,514;3,5;3010,358;3013,858;"egal"
155;"212234_1723354346";;"";"";"11.08.2024 07:32:26";"11.08.2024 10:08:40";"02:36:14";"02:33:10";4,075;8;10,232;10,19;3013,858;3024,048;"egal"
156;"212234_1723367944";;"";"";"11.08.2024 11:19:04";"11.08.2024 13:56:22";"02:37:18";"02:37:08";4,042;8;10,42;10,371;3024,048;3034,419;"egal"
157;"212234_1723378030";;"";"";"11.08.2024 14:07:10";"11.08.2024 16:06:03";"01:58:53";"01:58:41";4,053;8;7,827;7,793;3034,419;3042,212;"egal"
158;"212234_1723557136";;"";"";"13.08.2024 15:52:16";"13.08.2024 17:12:17";"01:20:01";"01:19:56";4,047;8;5,309;5,286;3042,212;3047,498;"egal"
159;"212234_1723707869";;"";"";"15.08.2024 09:44:29";"15.08.2024 13:34:16";"03:49:47";"03:49:39";4,064;8,1;15,288;15,204;3047,498;3062,702;"egal"
160;"212234_1723974437";;"";"";"18.08.2024 11:47:17";"18.08.2024 13:10:47";"01:23:30";"01:23:30";4,074;8,1;5,577;5,549;3062,702;3068,251;"egal"
161;"212234_1724141178";;"";"";"20.08.2024 10:06:18";"20.08.2024 11:39:40";"01:33:22";"01:33:09";4,112;8,1;6,22;6,194;3068,251;3074,445;"egal"
162;"212234_1724148644";;"";"";"20.08.2024 12:10:44";"20.08.2024 13:42:14";"01:31:30";"01:31:17";4,167;8,1;6,121;6,093;3074,445;3080,538;"egal"
163;"212234_1724166822";;"";"";"20.08.2024 17:13:42";"21.08.2024 06:32:00";"13:18:18";"00:52:12";4,064;8;3,473;3,457;3080,538;3083,995;"egal"
164;"212234_1724249203";;"";"";"21.08.2024 16:06:43";"22.08.2024 09:46:39";"17:39:56";"03:34:24";4,097;8,1;14,324;14,259;3083,995;3098,254;"egal"
165;"212234_1724391844";;"";"";"23.08.2024 07:44:04";"23.08.2024 11:28:25";"03:44:21";"03:25:36";4,091;8,1;13,772;13,713;3098,254;3111,967;"egal"
166;"212234_1724430602";;"";"";"23.08.2024 18:30:02";"24.08.2024 17:07:17";"22:37:15";"02:43:09";4,077;8,1;10,83;10,781;3111,967;3122,748;"egal"
167;"212234_1725517109";;"";"";"05.09.2024 08:18:29";"05.09.2024 09:36:07";"01:17:38";"01:17:38";4,081;8,1;5,185;5,161;3122,748;3127,909;"egal"
168;"212234_1725527311";;"";"";"05.09.2024 11:08:31";"05.09.2024 13:44:51";"02:36:20";"02:36:15";6,34;10,4;14,513;14,447;3127,909;3142,356;"egal"
169;"212234_1725694012";;"";"";"07.09.2024 09:26:52";"07.09.2024 13:18:37";"03:51:45";"03:51:45";6,349;10,4;15,58;15,5;3142,356;3157,856;"egal"
170;"212234_1726063796";;"";"";"11.09.2024 16:09:56";"12.09.2024 07:22:04";"15:12:08";"01:05:32";4,057;8,1;4,332;4,317;3157,856;3162,173;"egal"
171;"212234_1726155508";;"";"";"12.09.2024 17:38:28";"13.09.2024 07:24:58";"13:46:30";"03:59:21";4,059;8,1;15,878;15,805;3162,173;3177,978;"egal"
172;"212234_1726333308";;"";"";"14.09.2024 19:01:48";"15.09.2024 09:57:27";"14:55:39";"04:50:20";4,056;8,1;19,29;19,211;3177,978;3197,189;"egal"
173;"212234_1726574798";;"";"";"17.09.2024 14:06:38";"17.09.2024 17:43:51";"03:37:13";"02:47:49";6,347;10,4;14,255;14,188;3197,189;3211,377;"egal"
174;"212234_1726735645";;"";"";"19.09.2024 10:47:25";"19.09.2024 14:07:22";"03:19:57";"03:19:48";4,105;8,1;13,404;13,341;3211,377;3224,718;"egal"
175;"212234_1726818692";;"";"";"20.09.2024 09:51:32";"20.09.2024 10:34:14";"00:42:42";"00:42:36";8,283;13,4;5,115;5,093;3224,718;3229,811;"egal"
176;"212234_1726994081";;"";"";"22.09.2024 10:34:41";"22.09.2024 17:53:29";"07:18:48";"02:39:20";7,691;12,8;14,074;14,01;3229,811;3243,821;"egal"
177;"212234_1727167781";;"";"";"24.09.2024 10:49:41";"24.09.2024 15:30:59";"04:41:18";"02:36:22";5,362;9;10,639;10,592;3243,821;3254,413;"egal"
178;"212234_1727265462";;"";"";"25.09.2024 13:57:42";"26.09.2024 06:34:58";"16:37:16";"02:00:56";5,333;9;8,906;8,865;3254,413;3263,278;"egal"
179;"212234_1727347246";;"";"";"26.09.2024 12:40:46";"26.09.2024 13:59:30";"01:18:44";"01:18:30";4,086;8,1;5,26;5,238;3263,278;3268,516;"egal"
180;"212234_1727599329";;"";"";"29.09.2024 10:42:09";"30.09.2024 07:21:46";"20:39:37";"03:32:30";5,409;9;16,111;16,04;3268,516;3284,556;"egal"
181;"212234_1727774707";;"";"";"01.10.2024 11:25:07";"01.10.2024 14:35:55";"03:10:48";"03:10:39";4,113;8,1;12,839;12,781;3284,556;3297,337;"egal"
182;"212234_1727866081";;"";"";"02.10.2024 12:48:01";"03.10.2024 07:25:08";"18:37:07";"02:18:18";4,041;8,1;9,15;9,109;3297,337;3306,446;"egal"
183;"212234_1727968109";;"";"";"03.10.2024 17:08:29";"04.10.2024 06:32:35";"13:24:06";"02:49:51";6,287;10,4;14,192;14,126;3306,446;3320,572;"egal"
184;"212234_1728203352";;"";"";"06.10.2024 10:29:12";"07.10.2024 07:21:54";"20:52:42";"03:37:13";4,082;8,1;14,498;14,438;3320,572;3335,01;"egal"
185;"212234_1728485087";;"";"";"09.10.2024 16:44:47";"10.10.2024 07:22:18";"14:37:31";"01:05:32";4,067;8,1;4,346;4,325;3335,01;3339,335;"egal"
186;"212234_1728567265";;"";"";"10.10.2024 15:34:25";"11.10.2024 06:28:20";"14:53:55";"03:22:56";4,062;8,1;13,457;13,39;3339,335;3352,725;"egal"
187;"212234_1728709770";;"";"";"12.10.2024 07:09:30";"14.10.2024 07:09:56";"48:00:26";"04:11:30";4,083;8,1;16,866;16,793;3352,725;3369,518;"egal"
188;"212234_1728988292";;"";"";"15.10.2024 12:31:32";"15.10.2024 14:36:22";"02:04:50";"02:04:38";4,058;8,1;8,323;8,285;3369,518;3377,803;"egal"
189;"212234_1729153436";;"";"";"17.10.2024 10:23:56";"17.10.2024 13:36:49";"03:12:53";"03:12:45";4,114;8,1;12,994;12,932;3377,803;3390,735;"egal"
190;"212234_1729330626";;"";"";"19.10.2024 11:37:06";"19.10.2024 13:53:46";"02:16:40";"02:16:37";6,269;10,3;12,124;12,076;3390,735;3402,811;"egal"
191;"212234_1729407997";;"";"";"20.10.2024 09:06:37";"21.10.2024 07:24:16";"22:17:39";"02:58:32";6,247;10,3;11,991;11,931;3402,811;3414,742;"egal"
192;"212234_1729581810";;"";"";"22.10.2024 09:23:30";"22.10.2024 12:24:50";"03:01:20";"00:58:09";4,113;8,1;3,896;3,879;3414,742;3418,621;"egal"
193;"212234_1729759538";;"";"";"24.10.2024 10:45:38";"24.10.2024 17:32:21";"06:46:43";"03:20:33";6,348;10,4;20,787;20,7;3418,621;3439,321;"egal"
194;"212234_1729960645";;"";"";"26.10.2024 18:37:25";"28.10.2024 13:31:44";"43:54:19";"01:59:44";7,047;12;15,124;15,124;3446,037;3461,161;"egal"
195;"212234_1730351619";;"";"";"31.10.2024 06:13:39";"31.10.2024 09:02:04";"02:48:25";"02:48:22";4,039;8,1;11,087;11,039;3461,161;3472,2;"egal"
196;"212234_1730375412";;"";"";"31.10.2024 12:50:12";"31.10.2024 16:08:58";"03:18:46";"01:29:45";6,983;12;8,196;8,157;3472,2;3480,357;"egal"
197;"212234_1730456747";;"";"";"01.11.2024 11:25:47";"02.11.2024 08:08:20";"20:42:33";"01:38:45";4,094;8,1;6,614;6,584;3480,357;3486,941;"egal"
198;"212234_1730722287";;"";"";"04.11.2024 13:11:27";"04.11.2024 16:25:11";"03:13:44";"01:27:34";4,097;8,1;5,872;5,848;3486,941;3492,789;"egal"
199;"212234_1730805843";;"";"";"05.11.2024 12:24:03";"05.11.2024 14:35:36";"02:11:33";"02:11:27";4,107;8,1;8,825;8,784;3492,789;3501,573;"egal"
200;"212234_1731048295";;"";"";"08.11.2024 07:44:55";"08.11.2024 12:12:05";"04:27:10";"04:24:16";9,894;15,7;30,6;30,454;3501,573;3532,027;"egal"
201;"212234_1731221946";;"";"";"10.11.2024 07:59:06";"10.11.2024 13:10:58";"05:11:52";"02:23:13";4,042;8,1;9,507;9,466;3532,027;3541,493;"egal"
202;"212234_1731346040";;"";"";"11.11.2024 18:27:20";"12.11.2024 07:22:38";"12:55:18";"03:58:05";4,052;8,1;15,768;15,695;3541,493;3557,188;"egal"
203;"212234_1731566284";;"";"";"14.11.2024 07:38:04";"15.11.2024 06:34:44";"22:56:40";"03:34:34";6,266;10,4;21,078;20,987;3557,188;3578,175;"egal"
204;"212234_1731835485";;"";"";"17.11.2024 10:24:45";"18.11.2024 07:09:08";"20:44:23";"02:43:18";6,319;10,3;10,829;10,781;3578,175;3588,956;"egal"
205;"212234_1732017523";;"";"";"19.11.2024 12:58:43";"19.11.2024 14:36:36";"01:37:53";"01:37:45";4,051;8,1;6,478;6,45;3588,956;3595,406;"egal"
206;"212234_1732117302";;"";"";"20.11.2024 16:41:42";"20.11.2024 19:37:28";"02:55:46";"02:55:38";10,071;15,7;24,905;24,789;3595,406;3620,195;"egal"
207;"212234_1732270177";;"";"";"22.11.2024 11:09:37";"23.11.2024 08:47:45";"21:38:08";"05:09:13";7,006;12;22,13;22,028;3620,195;3642,223;"egal"
208;"212234_1732516900";;"";"";"25.11.2024 07:41:40";"25.11.2024 13:43:48";"06:02:08";"03:12:00";4,091;8,1;12,838;12,779;3642,223;3655,002;"egal"
209;"212234_1732634598";;"";"";"26.11.2024 16:23:18";"27.11.2024 07:18:39";"14:55:21";"03:13:33";4,059;8,1;12,814;12,762;3655,002;3667,764;"egal"
210;"212234_1732695856";;"";"";"27.11.2024 09:24:16";"28.11.2024 07:18:25";"21:54:09";"01:58:05";4,085;8,1;7,859;7,826;3667,764;3675,59;"egal"
211;"212234_1732862004";;"";"";"29.11.2024 07:33:24";"29.11.2024 14:19:07";"06:45:43";"01:39:46";3,994;8,1;6,511;6,478;3675,59;3682,068;"egal"
212;"212234_1733052951";;"";"";"01.12.2024 12:35:51";"02.12.2024 07:22:14";"18:46:23";"02:25:23";4,038;8,1;9,605;9,562;3682,068;3691,63;"egal"
213;"212234_1733130335";;"";"";"02.12.2024 10:05:35";"03.12.2024 07:50:44";"21:45:09";"02:40:45";7,109;12;15,977;15,912;3691,63;3707,542;"egal"
214;"212234_1733208667";;"";"";"03.12.2024 07:51:07";"03.12.2024 15:16:04";"07:24:57";"02:50:39";5,085;8;14,005;14,005;3707,542;3721,547;"egal"
215;"212234_1733325033";;"";"";"04.12.2024 16:10:33";"04.12.2024 19:35:41";"03:25:08";"03:24:54";6,989;12;19,914;19,807;3721,547;3741,354;"egal"
216;"212234_1733383184";;"";"";"05.12.2024 08:19:44";"05.12.2024 13:49:12";"05:29:28";"02:35:28";5,201;8;13,032;12,976;3741,354;3754,33;"egal"
217;"212234_1733403264";;"";"";"05.12.2024 13:54:24";"06.12.2024 06:37:21";"16:42:57";"00:40:43";4,074;8,1;2,723;2,71;3754,33;3757,04;"egal"
218;"212234_1733502912";;"";"";"06.12.2024 17:35:12";"07.12.2024 06:57:06";"13:21:54";"02:57:48";7,033;12;20,459;20,369;3757,04;3777,409;"egal"
219;"212234_1733552426";;"";"";"07.12.2024 07:20:26";"07.12.2024 09:11:31";"01:51:05";"01:51:03";7,897;12,2;9,152;9,113;3777,409;3786,522;"egal"
220;"212234_1733580869";;"";"";"07.12.2024 15:14:29";"09.12.2024 07:24:31";"40:10:02";"02:21:58";4,017;8,1;9,316;9,271;3786,522;3795,793;"egal"
221;"212234_1733812584";;"";"";"10.12.2024 07:36:24";"10.12.2024 15:28:51";"07:52:27";"03:06:18";4,015;8,1;12,157;12,105;3795,793;3807,898;"egal"
222;"212234_1733898996";;"";"";"11.12.2024 07:36:36";"11.12.2024 14:44:47";"07:08:11";"03:09:39";6,506;10,2;20,002;19,913;3807,898;3827,811;"egal"
223;"212234_1733983231";;"";"";"12.12.2024 07:00:31";"12.12.2024 14:24:12";"07:23:41";"03:14:18";6,294;10,4;20,002;19,919;3827,811;3847,73;"egal"
224;"212234_1734253494";;"";"";"15.12.2024 10:04:54";"15.12.2024 10:08:49";"00:03:55";"00:03:38";6,204;10,3;0,364;0,363;3847,73;3848,093;"egal"
225;"212234_1734254338";;"";"";"15.12.2024 10:18:58";"16.12.2024 07:24:54";"21:05:56";"02:12:33";6,26;10,4;15;14,509;3848,093;3862,602;"egal"
226;"212234_1734453254";;"";"";"17.12.2024 17:34:14";"18.12.2024 06:29:29";"12:55:15";"01:57:54";6,299;10,4;12,194;12,138;3862,602;3874,74;"egal"
227;"212234_1734506078";;"";"";"18.12.2024 08:14:38";"19.12.2024 07:23:40";"23:09:02";"01:51:49";6,556;10,1;12,001;11,949;3874,74;3886,689;"egal"
228;"212234_1734590565";;"";"";"19.12.2024 07:42:45";"19.12.2024 12:14:34";"04:31:49";"02:25:13";6,284;10,4;15;14,937;3886,689;3901,626;"egal"
229;"212234_1734773415";;"";"";"21.12.2024 10:30:15";"21.12.2024 13:31:34";"03:01:19";"02:20:03";6,614;10,1;15;14,928;3901,626;3916,554;"egal"
230;"212234_1734784310";;"";"";"21.12.2024 13:31:50";"22.12.2024 09:05:50";"19:34:00";"03:14:40";6,294;10,4;20,002;19,913;3916,554;3936,467;"egal"
231;"212234_1734950457";;"";"";"23.12.2024 11:40:57";"23.12.2024 13:54:42";"02:13:45";"02:13:33";6,26;10,4;13,71;13,652;3936,467;3950,119;"egal"
232;"212234_1735111377";;"";"";"25.12.2024 08:22:57";"25.12.2024 11:00:59";"02:38:02";"02:25:10";6,268;10,4;15,002;14,938;3950,119;3965,057;"egal"
233;"212234_1735141491";;"";"";"25.12.2024 16:44:51";"26.12.2024 09:52:05";"17:07:14";"03:26:15";6,411;10,2;17,086;17,01;3965,057;3982,067;"egal"
234;"212234_1735278883";;"";"";"27.12.2024 06:54:43";"27.12.2024 12:16:36";"05:21:53";"04:40:57";6,565;10,1;30,001;29,867;3982,067;4011,934;"egal"
235;"212234_1735298220";;"";"";"27.12.2024 12:17:00";"29.12.2024 10:37:19";"46:20:19";"03:12:26";6,313;10,4;20,001;19,922;4011,934;4031,856;"egal"
236;"212234_1735481239";;"";"";"29.12.2024 15:07:19";"31.12.2024 07:52:39";"40:45:20";"03:02:15";5,124;8,1;15;14,94;4031,856;4046,796;"egal"
237;"212234_1735627999";;"";"";"31.12.2024 07:53:19";"31.12.2024 14:59:17";"07:05:58";"04:30:06";4,09;8,1;18,001;17,91;4046,796;4064,706;"egal"
238;"212234_1735970438";;"";"";"04.01.2025 07:00:38";"04.01.2025 10:01:31";"03:00:53";"02:54:51";6,949;12;20,001;19,881;4064,706;4084,587;"egal"
239;"212234_1735981307";;"";"";"04.01.2025 10:01:47";"06.01.2025 13:24:15";"51:22:28";"02:34:03";7,985;12,3;20,001;19,902;4084,587;4104,489;"egal"
240;"212234_1736267307";;"";"";"07.01.2025 17:28:27";"08.01.2025 06:35:43";"13:07:16";"02:10:18";6,287;10,4;12,001;11,947;4104,489;4116,436;"egal"
241;"212234_1736319719";;"";"";"08.01.2025 08:01:59";"08.01.2025 12:42:50";"04:40:51";"02:48:32";6,558;10,2;18,001;17,915;4116,436;4134,351;"egal"
242;"212234_1736420265";;"";"";"09.01.2025 11:57:45";"09.01.2025 13:49:37";"01:51:52";"01:51:33";4,112;8,1;7,493;7,461;4134,351;4141,812;"egal"
243;"212234_1736582357";;"";"";"11.01.2025 08:59:17";"11.01.2025 18:33:25";"09:34:08";"04:33:11";4,052;8,1;18,001;17,91;4141,812;4159,722;"egal"
244;"212234_1736672436";;"";"";"12.01.2025 10:00:36";"12.01.2025 13:51:13";"03:50:37";"01:56:49";6,282;10,4;12;11,944;4159,722;4171,666;"egal"
245;"212234_1736770587";;"";"";"13.01.2025 13:16:27";"13.01.2025 18:29:03";"05:12:36";"01:26:09";6,319;10,4;5,752;5,728;4171,666;4177,394;"egal"
246;"212234_1736789358";;"";"";"13.01.2025 18:29:18";"14.01.2025 14:25:05";"19:55:47";"02:19:40";6,63;10,1;15,001;14,936;4177,394;4192,33;"egal"
247;"212234_1736861129";;"";"";"14.01.2025 14:25:29";"15.01.2025 07:27:32";"17:02:03";"03:15:56";6,237;10,4;20,002;19,913;4192,33;4212,243;"egal"
248;"212234_1736939172";;"";"";"15.01.2025 12:06:12";"16.01.2025 07:45:03";"19:38:51";"03:55:21";6,526;10,2;25;24,88;4212,243;4237,123;"egal"
249;"212234_1737014511";;"";"";"16.01.2025 09:01:51";"16.01.2025 13:44:11";"04:42:20";"02:15:18";6,287;10,4;14,002;13,942;4237,123;4251,065;"egal"
250;"212234_1737035731";;"";"";"16.01.2025 14:55:31";"17.01.2025 07:19:09";"16:23:38";"01:32:56";6,654;10,2;10;9,957;4251,065;4261,022;"egal"
251;"212234_1737126613";;"";"";"17.01.2025 16:10:13";"18.01.2025 09:50:20";"17:40:07";"02:36:15";6,25;10,4;16;15,93;4261,022;4276,952;"egal"
252;"212234_1737192396";;"";"";"18.01.2025 10:26:36";"18.01.2025 13:16:47";"02:50:11";"01:30:50";6,071;10,2;6;5,976;4276,952;4282,928;"egal"
253;"212234_1737287108";;"";"";"19.01.2025 12:45:08";"19.01.2025 13:34:11";"00:49:03";"00:48:46";4,072;8,1;3,275;3,261;4282,928;4286,189;"egal"
254;"212234_1737361382";;"";"";"20.01.2025 09:23:02";"20.01.2025 09:44:45";"00:21:43";"00:21:29";6,328;10,4;2,209;2,2;4286,189;4288,389;"egal"
255;"212234_1737366229";;"";"";"20.01.2025 10:43:49";"20.01.2025 16:25:27";"05:41:38";"03:09:56";6,373;10,4;20,001;19,914;4288,389;4308,303;"egal"
256;"212234_1737440482";;"";"";"21.01.2025 07:21:22";"21.01.2025 09:47:00";"02:25:38";"01:33:31";6,57;10,1;10,001;9,955;4308,303;4318,258;"egal"
257;"212234_1737614006";;"";"";"23.01.2025 07:33:26";"23.01.2025 11:17:31";"03:44:05";"03:43:50";6,659;10,2;24,194;24,083;4318,258;4342,341;"egal"
